Drop table if exists `department`;
create TABLE `department` (d_id VARCHAR(5),d_title VARCHAR(10),location VARCHAR(15), primary key(d_id));
Insert into `department` values('COMP','Computing','SECAMS Building');
Insert into `department` values('NEXT','Nextology','Nexto Building');
Drop table if exists `staff`;
create TABLE `staff` (s_id VARCHAR(4),initials VARCHAR (4),s_name VARCHAR(15),pos VARCHAR(15),qual VARCHAR(5),d_id VARCHAR(5), primary key(s_id),foreign key(d_id) references `department`(d_id));
Insert into `staff` values('JF','J. ','Finney','Lecturer','PhD','COMP');
Insert into `staff` values('JAM','J.A. ','Mariani','Senior Lecturer','PhD','COMP');
Insert into `staff` values('GSB','G.S. ','Blair','Senior Lecturer','PhD','COMP');
Insert into `staff` values('ND','N. ','Davies','Professor','PhD','COMP');
Insert into `staff` values('BB','B. ','Bear','Professor','BA','NEXT');
Drop table if exists `courses`;
create TABLE `courses` (c_id VARCHAR(3),c_title VARCHAR(30),code VARCHAR(4),year VARCHAR(4),d_id VARCHAR(5), primary key(c_id),foreign key(d_id) references `department`(d_id));
Insert into `courses` values('MM','Multimedia Systems','361','3rd','COMP');
Insert into `courses` values('IOS','Introduction to Operating Systems','112c','1st','COMP');
Insert into `courses` values('DB','Databases','242','2nd','COMP');
Insert into `courses` values('PA','Programming in Assembler','111a','1st','COMP');
Insert into `courses` values('BN','Basic Nextology','110','1st','NEXT');
Drop table if exists `projects`;
create TABLE `projects` (p_id VARCHAR(10),p_title VARCHAR(30),funder VARCHAR(10),funding INT, primary key(p_id));
Insert into `projects` values('COMIC','COMIC','ESPRIT',100000);
Insert into `projects` values('OSCAR','OSCAR','SERC',23400);
Insert into `projects` values('GUIDE','Guide','SERC',34100);
Insert into `projects` values('MCSCW','Multimedia and CSCW','SERC',19782);
Insert into `projects` values('AN','Advanced Nextology','NERC',51200);
Drop table if exists `give_course`;
create TABLE `give_course` (s_id VARCHAR(4),c_id VARCHAR(3), primary key(s_id,c_id),foreign key(c_id) references `courses`(c_id), foreign key(s_id) references `staff`(s_id));
Insert into `give_course` values('JF','MM');
Insert into `give_course` values('ND','MM');
Insert into `give_course` values('GSB','IOS');
Insert into `give_course` values('JAM','DB');
Insert into `give_course` values('JAM','PA');
Insert into `give_course` values('BB','BN');
Drop table if exists `work_on`;
create TABLE `work_on` (s_id VARCHAR(4),p_id VARCHAR(10),start_date INT,stop_date INT, primary key(s_id,p_id),foreign key(p_id) references `projects`(p_id), foreign key(s_id) references `staff`(s_id));
Insert into `work_on` values('JAM','COMIC',1994,1998);
Insert into `work_on` values('JAM','OSCAR',1989,1991);
Insert into `work_on` values('ND','GUIDE',1997,1999);
Insert into `work_on` values('JF','GUIDE',1998,1999);
Insert into `work_on` values('GSB','MCSCW',1990,1994);
Insert into `work_on` values('BB','AN',1985,1989);
